{"cameraMode":{"drawMode":0,"name":"Shaded","section":"Shading Mode"},"sceneLighting":true,"audioPlay":false,"sceneViewState":{"m_AlwaysRefresh":false,"showFog":false,"showSkybox":true,"showFlares":true,"showImageEffects":true,"showParticleSystems":true,"showVisualEffectGraphs":true,"m_FxEnabled":true},"in2DMode":false,"pivot":{"x":34.02122497558594,"y":0.8263919353485107,"z":53.73223114013672},"rotation":{"x":-0.23043523728847505,"y":-0.20675377547740937,"z":0.050147298723459247,"w":-0.9495729207992554},"size":0.8660253882408142,"orthographic":false}